[{
	"id": 1,
	"pic": "https://zhouxiaotian.github.io/flowapi/images/1.jpg",
	"width": 300,
	"height": 534,
	"title": "泰勒斯威夫特于1989年12月13日出生，童年在一个11英亩的圣诞树农场度过。于是，乡村音乐影响了她的童年。懂的人都明白，美国的乡村音乐欢快而直爽，悠然中带着强烈的节奏感",
	"link": "https://baike.sogou.com/v1850208.htm?fromTitle=%E9%9C%89%E9%9C%89"
}, {
	"id": 2,
	"pic": "https://zhouxiaotian.github.io/flowapi/images/2.jpg",
	"width": 300,
	"height": 300,
	"title": "泰勒斯威夫特于1989年12月13日出生，童年在一个11英亩的圣诞树农场度过。于是，乡村音乐影响了她的童年。懂的人都明白，美国的乡村音乐欢快而直爽，悠然中带着强烈的节奏感",
	"link": "https://baike.sogou.com/v1850208.htm?fromTitle=%E9%9C%89%E9%9C%89"
}, {
	"id": 3,
	"pic": "https://zhouxiaotian.github.io/flowapi/images/11.jpg",
	"width": 300,
	"height": 408,
	"title": "泰勒斯威夫特于1989年12月13日出生，童年在一个11英亩的圣诞树农场度过。于是，乡村音乐影响了她的童年。懂的人都明白，美国的乡村音乐欢快而直爽，悠然中带着强烈的节奏感",
	"link": "https://baike.sogou.com/v1850208.htm?fromTitle=%E9%9C%89%E9%9C%89"
}, {
	"id": 4,
	"pic": "https://zhouxiaotian.github.io/flowapi/images/10.jpg",
	"width": 300,
	"height": 257,
	"title": "泰勒斯威夫特于1989年12月13日出生，童年在一个11英亩的圣诞树农场度过。于是，乡村音乐影响了她的童年。懂的人都明白，美国的乡村音乐欢快而直爽，悠然中带着强烈的节奏感",
	"link": "https://baike.sogou.com/v1850208.htm?fromTitle=%E9%9C%89%E9%9C%89"
}, {
	"id": 5,
	"pic": "https://zhouxiaotian.github.io/flowapi/images/5.jpg",
	"width": 300,
	"height": 200,
	"title": "泰勒斯威夫特于1989年12月13日出生，童年在一个11英亩的圣诞树农场度过。于是，乡村音乐影响了她的童年。懂的人都明白，美国的乡村音乐欢快而直爽，悠然中带着强烈的节奏感",
	"link": "https://baike.sogou.com/v1850208.htm?fromTitle=%E9%9C%89%E9%9C%89"
}, {
	"id": 6,
	"pic": "https://zhouxiaotian.github.io/flowapi/images/11.jpg",
	"width": 300,
	"height": 408,
	"title": "泰勒斯威夫特于1989年12月13日出生，童年在一个11英亩的圣诞树农场度过。于是，乡村音乐影响了她的童年。懂的人都明白，美国的乡村音乐欢快而直爽，悠然中带着强烈的节奏感",
	"link": "https://baike.sogou.com/v1850208.htm?fromTitle=%E9%9C%89%E9%9C%89"
}, {
	"id": 7,
	"pic": "https://zhouxiaotian.github.io/flowapi/images/8.jpg",
	"width": 300,
	"height": 400,
	"title": "泰勒斯威夫特于1989年12月13日出生，童年在一个11英亩的圣诞树农场度过。于是，乡村音乐影响了她的童年。懂的人都明白，美国的乡村音乐欢快而直爽，悠然中带着强烈的节奏感",
	"link": "https://baike.sogou.com/v1850208.htm?fromTitle=%E9%9C%89%E9%9C%89"
}, {
	"id": 8,
	"pic": "https://zhouxiaotian.github.io/flowapi/images/12.jpg",
	"width": 300,
	"height": 225,
	"title": "泰勒斯威夫特于1989年12月13日出生，童年在一个11英亩的圣诞树农场度过。于是，乡村音乐影响了她的童年。懂的人都明白，美国的乡村音乐欢快而直爽，悠然中带着强烈的节奏感",
	"link": "https://baike.sogou.com/v1850208.htm?fromTitle=%E9%9C%89%E9%9C%89"
}, {
	"id": 9,
	"pic": "https://zhouxiaotian.github.io/flowapi/images/2.jpg",
	"width": 300,
	"height": 300,
	"title": "泰勒斯威夫特于1989年12月13日出生，童年在一个11英亩的圣诞树农场度过。于是，乡村音乐影响了她的童年。懂的人都明白，美国的乡村音乐欢快而直爽，悠然中带着强烈的节奏感",
	"link": "https://baike.sogou.com/v1850208.htm?fromTitle=%E9%9C%89%E9%9C%89"
}, {
	"id": 10,
	"pic": "https://zhouxiaotian.github.io/flowapi/images/9.jpg",
	"width": 300,
	"height": 433,
	"title": "泰勒斯威夫特于1989年12月13日出生，童年在一个11英亩的圣诞树农场度过。于是，乡村音乐影响了她的童年。懂的人都明白，美国的乡村音乐欢快而直爽，悠然中带着强烈的节奏感",
	"link": "https://baike.sogou.com/v1850208.htm?fromTitle=%E9%9C%89%E9%9C%89"
}, {
	"id": 11,
	"pic": "https://zhouxiaotian.github.io/flowapi/images/2.jpg",
	"width": 300,
	"height": 300,
	"title": "泰勒斯威夫特于1989年12月13日出生，童年在一个11英亩的圣诞树农场度过。于是，乡村音乐影响了她的童年。懂的人都明白，美国的乡村音乐欢快而直爽，悠然中带着强烈的节奏感",
	"link": "https://baike.sogou.com/v1850208.htm?fromTitle=%E9%9C%89%E9%9C%89"
}, {
	"id": 12,
	"pic": "https://zhouxiaotian.github.io/flowapi/images/7.jpg",
	"width": 300,
	"height": 200,
	"title": "泰勒斯威夫特于1989年12月13日出生，童年在一个11英亩的圣诞树农场度过。于是，乡村音乐影响了她的童年。懂的人都明白，美国的乡村音乐欢快而直爽，悠然中带着强烈的节奏感",
	"link": "https://baike.sogou.com/v1850208.htm?fromTitle=%E9%9C%89%E9%9C%89"
}, {
	"id": 13,
	"pic": "https://zhouxiaotian.github.io/flowapi/images/4.jpg",
	"width": 300,
	"height": 451,
	"title": "泰勒斯威夫特于1989年12月13日出生，童年在一个11英亩的圣诞树农场度过。于是，乡村音乐影响了她的童年。懂的人都明白，美国的乡村音乐欢快而直爽，悠然中带着强烈的节奏感",
	"link": "https://baike.sogou.com/v1850208.htm?fromTitle=%E9%9C%89%E9%9C%89"
}, {
	"id": 14,
	"pic": "https://zhouxiaotian.github.io/flowapi/images/5.jpg",
	"width": 300,
	"height": 200,
	"title": "泰勒斯威夫特于1989年12月13日出生，童年在一个11英亩的圣诞树农场度过。于是，乡村音乐影响了她的童年。懂的人都明白，美国的乡村音乐欢快而直爽，悠然中带着强烈的节奏感",
	"link": "https://baike.sogou.com/v1850208.htm?fromTitle=%E9%9C%89%E9%9C%89"
}, {
	"id": 15,
	"pic": "https://zhouxiaotian.github.io/flowapi/images/5.jpg",
	"width": 300,
	"height": 200,
	"title": "泰勒斯威夫特于1989年12月13日出生，童年在一个11英亩的圣诞树农场度过。于是，乡村音乐影响了她的童年。懂的人都明白，美国的乡村音乐欢快而直爽，悠然中带着强烈的节奏感",
	"link": "https://baike.sogou.com/v1850208.htm?fromTitle=%E9%9C%89%E9%9C%89"
}, {
	"id": 16,
	"pic": "https://zhouxiaotian.github.io/flowapi/images/7.jpg",
	"width": 300,
	"height": 200,
	"title": "泰勒斯威夫特于1989年12月13日出生，童年在一个11英亩的圣诞树农场度过。于是，乡村音乐影响了她的童年。懂的人都明白，美国的乡村音乐欢快而直爽，悠然中带着强烈的节奏感",
	"link": "https://baike.sogou.com/v1850208.htm?fromTitle=%E9%9C%89%E9%9C%89"
}, {
	"id": 17,
	"pic": "https://zhouxiaotian.github.io/flowapi/images/12.jpg",
	"width": 300,
	"height": 225,
	"title": "泰勒斯威夫特于1989年12月13日出生，童年在一个11英亩的圣诞树农场度过。于是，乡村音乐影响了她的童年。懂的人都明白，美国的乡村音乐欢快而直爽，悠然中带着强烈的节奏感",
	"link": "https://baike.sogou.com/v1850208.htm?fromTitle=%E9%9C%89%E9%9C%89"
}, {
	"id": 18,
	"pic": "https://zhouxiaotian.github.io/flowapi/images/9.jpg",
	"width": 300,
	"height": 433,
	"title": "泰勒斯威夫特于1989年12月13日出生，童年在一个11英亩的圣诞树农场度过。于是，乡村音乐影响了她的童年。懂的人都明白，美国的乡村音乐欢快而直爽，悠然中带着强烈的节奏感",
	"link": "https://baike.sogou.com/v1850208.htm?fromTitle=%E9%9C%89%E9%9C%89"
}, {
	"id": 19,
	"pic": "https://zhouxiaotian.github.io/flowapi/images/7.jpg",
	"width": 300,
	"height": 200,
	"title": "泰勒斯威夫特于1989年12月13日出生，童年在一个11英亩的圣诞树农场度过。于是，乡村音乐影响了她的童年。懂的人都明白，美国的乡村音乐欢快而直爽，悠然中带着强烈的节奏感",
	"link": "https://baike.sogou.com/v1850208.htm?fromTitle=%E9%9C%89%E9%9C%89"
}, {
	"id": 20,
	"pic": "https://zhouxiaotian.github.io/flowapi/images/3.jpg",
	"width": 300,
	"height": 170,
	"title": "泰勒斯威夫特于1989年12月13日出生，童年在一个11英亩的圣诞树农场度过。于是，乡村音乐影响了她的童年。懂的人都明白，美国的乡村音乐欢快而直爽，悠然中带着强烈的节奏感",
	"link": "https://baike.sogou.com/v1850208.htm?fromTitle=%E9%9C%89%E9%9C%89"
}, {
	"id": 21,
	"pic": "https://zhouxiaotian.github.io/flowapi/images/9.jpg",
	"width": 300,
	"height": 433,
	"title": "泰勒斯威夫特于1989年12月13日出生，童年在一个11英亩的圣诞树农场度过。于是，乡村音乐影响了她的童年。懂的人都明白，美国的乡村音乐欢快而直爽，悠然中带着强烈的节奏感",
	"link": "https://baike.sogou.com/v1850208.htm?fromTitle=%E9%9C%89%E9%9C%89"
}, {
	"id": 22,
	"pic": "https://zhouxiaotian.github.io/flowapi/images/9.jpg",
	"width": 300,
	"height": 433,
	"title": "泰勒斯威夫特于1989年12月13日出生，童年在一个11英亩的圣诞树农场度过。于是，乡村音乐影响了她的童年。懂的人都明白，美国的乡村音乐欢快而直爽，悠然中带着强烈的节奏感",
	"link": "https://baike.sogou.com/v1850208.htm?fromTitle=%E9%9C%89%E9%9C%89"
}, {
	"id": 23,
	"pic": "https://zhouxiaotian.github.io/flowapi/images/5.jpg",
	"width": 300,
	"height": 200,
	"title": "泰勒斯威夫特于1989年12月13日出生，童年在一个11英亩的圣诞树农场度过。于是，乡村音乐影响了她的童年。懂的人都明白，美国的乡村音乐欢快而直爽，悠然中带着强烈的节奏感",
	"link": "https://baike.sogou.com/v1850208.htm?fromTitle=%E9%9C%89%E9%9C%89"
}, {
	"id": 24,
	"pic": "https://zhouxiaotian.github.io/flowapi/images/4.jpg",
	"width": 300,
	"height": 451,
	"title": "泰勒斯威夫特于1989年12月13日出生，童年在一个11英亩的圣诞树农场度过。于是，乡村音乐影响了她的童年。懂的人都明白，美国的乡村音乐欢快而直爽，悠然中带着强烈的节奏感",
	"link": "https://baike.sogou.com/v1850208.htm?fromTitle=%E9%9C%89%E9%9C%89"
}, {
	"id": 25,
	"pic": "https://zhouxiaotian.github.io/flowapi/images/9.jpg",
	"width": 300,
	"height": 433,
	"title": "泰勒斯威夫特于1989年12月13日出生，童年在一个11英亩的圣诞树农场度过。于是，乡村音乐影响了她的童年。懂的人都明白，美国的乡村音乐欢快而直爽，悠然中带着强烈的节奏感",
	"link": "https://baike.sogou.com/v1850208.htm?fromTitle=%E9%9C%89%E9%9C%89"
}, {
	"id": 26,
	"pic": "https://zhouxiaotian.github.io/flowapi/images/5.jpg",
	"width": 300,
	"height": 200,
	"title": "泰勒斯威夫特于1989年12月13日出生，童年在一个11英亩的圣诞树农场度过。于是，乡村音乐影响了她的童年。懂的人都明白，美国的乡村音乐欢快而直爽，悠然中带着强烈的节奏感",
	"link": "https://baike.sogou.com/v1850208.htm?fromTitle=%E9%9C%89%E9%9C%89"
}, {
	"id": 27,
	"pic": "https://zhouxiaotian.github.io/flowapi/images/12.jpg",
	"width": 300,
	"height": 225,
	"title": "泰勒斯威夫特于1989年12月13日出生，童年在一个11英亩的圣诞树农场度过。于是，乡村音乐影响了她的童年。懂的人都明白，美国的乡村音乐欢快而直爽，悠然中带着强烈的节奏感",
	"link": "https://baike.sogou.com/v1850208.htm?fromTitle=%E9%9C%89%E9%9C%89"
}, {
	"id": 28,
	"pic": "https://zhouxiaotian.github.io/flowapi/images/4.jpg",
	"width": 300,
	"height": 451,
	"title": "泰勒斯威夫特于1989年12月13日出生，童年在一个11英亩的圣诞树农场度过。于是，乡村音乐影响了她的童年。懂的人都明白，美国的乡村音乐欢快而直爽，悠然中带着强烈的节奏感",
	"link": "https://baike.sogou.com/v1850208.htm?fromTitle=%E9%9C%89%E9%9C%89"
}, {
	"id": 29,
	"pic": "https://zhouxiaotian.github.io/flowapi/images/6.jpg",
	"width": 300,
	"height": 400,
	"title": "泰勒斯威夫特于1989年12月13日出生，童年在一个11英亩的圣诞树农场度过。于是，乡村音乐影响了她的童年。懂的人都明白，美国的乡村音乐欢快而直爽，悠然中带着强烈的节奏感",
	"link": "https://baike.sogou.com/v1850208.htm?fromTitle=%E9%9C%89%E9%9C%89"
}, {
	"id": 30,
	"pic": "https://zhouxiaotian.github.io/flowapi/images/5.jpg",
	"width": 300,
	"height": 200,
	"title": "泰勒斯威夫特于1989年12月13日出生，童年在一个11英亩的圣诞树农场度过。于是，乡村音乐影响了她的童年。懂的人都明白，美国的乡村音乐欢快而直爽，悠然中带着强烈的节奏感",
	"link": "https://baike.sogou.com/v1850208.htm?fromTitle=%E9%9C%89%E9%9C%89"
}, {
	"id": 31,
	"pic": "https://zhouxiaotian.github.io/flowapi/images/2.jpg",
	"width": 300,
	"height": 300,
	"title": "泰勒斯威夫特于1989年12月13日出生，童年在一个11英亩的圣诞树农场度过。于是，乡村音乐影响了她的童年。懂的人都明白，美国的乡村音乐欢快而直爽，悠然中带着强烈的节奏感",
	"link": "https://baike.sogou.com/v1850208.htm?fromTitle=%E9%9C%89%E9%9C%89"
}, {
	"id": 32,
	"pic": "https://zhouxiaotian.github.io/flowapi/images/11.jpg",
	"width": 300,
	"height": 408,
	"title": "泰勒斯威夫特于1989年12月13日出生，童年在一个11英亩的圣诞树农场度过。于是，乡村音乐影响了她的童年。懂的人都明白，美国的乡村音乐欢快而直爽，悠然中带着强烈的节奏感",
	"link": "https://baike.sogou.com/v1850208.htm?fromTitle=%E9%9C%89%E9%9C%89"
}, {
	"id": 33,
	"pic": "https://zhouxiaotian.github.io/flowapi/images/13.jpg",
	"width": 300,
	"height": 188,
	"title": "泰勒斯威夫特于1989年12月13日出生，童年在一个11英亩的圣诞树农场度过。于是，乡村音乐影响了她的童年。懂的人都明白，美国的乡村音乐欢快而直爽，悠然中带着强烈的节奏感",
	"link": "https://baike.sogou.com/v1850208.htm?fromTitle=%E9%9C%89%E9%9C%89"
}, {
	"id": 34,
	"pic": "https://zhouxiaotian.github.io/flowapi/images/2.jpg",
	"width": 300,
	"height": 300,
	"title": "泰勒斯威夫特于1989年12月13日出生，童年在一个11英亩的圣诞树农场度过。于是，乡村音乐影响了她的童年。懂的人都明白，美国的乡村音乐欢快而直爽，悠然中带着强烈的节奏感",
	"link": "https://baike.sogou.com/v1850208.htm?fromTitle=%E9%9C%89%E9%9C%89"
}, {
	"id": 35,
	"pic": "https://zhouxiaotian.github.io/flowapi/images/7.jpg",
	"width": 300,
	"height": 200,
	"title": "泰勒斯威夫特于1989年12月13日出生，童年在一个11英亩的圣诞树农场度过。于是，乡村音乐影响了她的童年。懂的人都明白，美国的乡村音乐欢快而直爽，悠然中带着强烈的节奏感",
	"link": "https://baike.sogou.com/v1850208.htm?fromTitle=%E9%9C%89%E9%9C%89"
}, {
	"id": 36,
	"pic": "https://zhouxiaotian.github.io/flowapi/images/11.jpg",
	"width": 300,
	"height": 408,
	"title": "泰勒斯威夫特于1989年12月13日出生，童年在一个11英亩的圣诞树农场度过。于是，乡村音乐影响了她的童年。懂的人都明白，美国的乡村音乐欢快而直爽，悠然中带着强烈的节奏感",
	"link": "https://baike.sogou.com/v1850208.htm?fromTitle=%E9%9C%89%E9%9C%89"
}, {
	"id": 37,
	"pic": "https://zhouxiaotian.github.io/flowapi/images/8.jpg",
	"width": 300,
	"height": 400,
	"title": "泰勒斯威夫特于1989年12月13日出生，童年在一个11英亩的圣诞树农场度过。于是，乡村音乐影响了她的童年。懂的人都明白，美国的乡村音乐欢快而直爽，悠然中带着强烈的节奏感",
	"link": "https://baike.sogou.com/v1850208.htm?fromTitle=%E9%9C%89%E9%9C%89"
}, {
	"id": 38,
	"pic": "https://zhouxiaotian.github.io/flowapi/images/7.jpg",
	"width": 300,
	"height": 200,
	"title": "泰勒斯威夫特于1989年12月13日出生，童年在一个11英亩的圣诞树农场度过。于是，乡村音乐影响了她的童年。懂的人都明白，美国的乡村音乐欢快而直爽，悠然中带着强烈的节奏感",
	"link": "https://baike.sogou.com/v1850208.htm?fromTitle=%E9%9C%89%E9%9C%89"
}, {
	"id": 39,
	"pic": "https://zhouxiaotian.github.io/flowapi/images/5.jpg",
	"width": 300,
	"height": 200,
	"title": "泰勒斯威夫特于1989年12月13日出生，童年在一个11英亩的圣诞树农场度过。于是，乡村音乐影响了她的童年。懂的人都明白，美国的乡村音乐欢快而直爽，悠然中带着强烈的节奏感",
	"link": "https://baike.sogou.com/v1850208.htm?fromTitle=%E9%9C%89%E9%9C%89"
}, {
	"id": 40,
	"pic": "https://zhouxiaotian.github.io/flowapi/images/2.jpg",
	"width": 300,
	"height": 300,
	"title": "泰勒斯威夫特于1989年12月13日出生，童年在一个11英亩的圣诞树农场度过。于是，乡村音乐影响了她的童年。懂的人都明白，美国的乡村音乐欢快而直爽，悠然中带着强烈的节奏感",
	"link": "https://baike.sogou.com/v1850208.htm?fromTitle=%E9%9C%89%E9%9C%89"
}, {
	"id": 41,
	"pic": "https://zhouxiaotian.github.io/flowapi/images/10.jpg",
	"width": 300,
	"height": 257,
	"title": "泰勒斯威夫特于1989年12月13日出生，童年在一个11英亩的圣诞树农场度过。于是，乡村音乐影响了她的童年。懂的人都明白，美国的乡村音乐欢快而直爽，悠然中带着强烈的节奏感",
	"link": "https://baike.sogou.com/v1850208.htm?fromTitle=%E9%9C%89%E9%9C%89"
}, {
	"id": 42,
	"pic": "https://zhouxiaotian.github.io/flowapi/images/8.jpg",
	"width": 300,
	"height": 400,
	"title": "泰勒斯威夫特于1989年12月13日出生，童年在一个11英亩的圣诞树农场度过。于是，乡村音乐影响了她的童年。懂的人都明白，美国的乡村音乐欢快而直爽，悠然中带着强烈的节奏感",
	"link": "https://baike.sogou.com/v1850208.htm?fromTitle=%E9%9C%89%E9%9C%89"
}, {
	"id": 43,
	"pic": "https://zhouxiaotian.github.io/flowapi/images/1.jpg",
	"width": 300,
	"height": 534,
	"title": "泰勒斯威夫特于1989年12月13日出生，童年在一个11英亩的圣诞树农场度过。于是，乡村音乐影响了她的童年。懂的人都明白，美国的乡村音乐欢快而直爽，悠然中带着强烈的节奏感",
	"link": "https://baike.sogou.com/v1850208.htm?fromTitle=%E9%9C%89%E9%9C%89"
}, {
	"id": 44,
	"pic": "https://zhouxiaotian.github.io/flowapi/images/6.jpg",
	"width": 300,
	"height": 400,
	"title": "泰勒斯威夫特于1989年12月13日出生，童年在一个11英亩的圣诞树农场度过。于是，乡村音乐影响了她的童年。懂的人都明白，美国的乡村音乐欢快而直爽，悠然中带着强烈的节奏感",
	"link": "https://baike.sogou.com/v1850208.htm?fromTitle=%E9%9C%89%E9%9C%89"
}, {
	"id": 45,
	"pic": "https://zhouxiaotian.github.io/flowapi/images/9.jpg",
	"width": 300,
	"height": 433,
	"title": "泰勒斯威夫特于1989年12月13日出生，童年在一个11英亩的圣诞树农场度过。于是，乡村音乐影响了她的童年。懂的人都明白，美国的乡村音乐欢快而直爽，悠然中带着强烈的节奏感",
	"link": "https://baike.sogou.com/v1850208.htm?fromTitle=%E9%9C%89%E9%9C%89"
}, {
	"id": 46,
	"pic": "https://zhouxiaotian.github.io/flowapi/images/6.jpg",
	"width": 300,
	"height": 400,
	"title": "泰勒斯威夫特于1989年12月13日出生，童年在一个11英亩的圣诞树农场度过。于是，乡村音乐影响了她的童年。懂的人都明白，美国的乡村音乐欢快而直爽，悠然中带着强烈的节奏感",
	"link": "https://baike.sogou.com/v1850208.htm?fromTitle=%E9%9C%89%E9%9C%89"
}, {
	"id": 47,
	"pic": "https://zhouxiaotian.github.io/flowapi/images/6.jpg",
	"width": 300,
	"height": 400,
	"title": "泰勒斯威夫特于1989年12月13日出生，童年在一个11英亩的圣诞树农场度过。于是，乡村音乐影响了她的童年。懂的人都明白，美国的乡村音乐欢快而直爽，悠然中带着强烈的节奏感",
	"link": "https://baike.sogou.com/v1850208.htm?fromTitle=%E9%9C%89%E9%9C%89"
}, {
	"id": 48,
	"pic": "https://zhouxiaotian.github.io/flowapi/images/3.jpg",
	"width": 300,
	"height": 170,
	"title": "泰勒斯威夫特于1989年12月13日出生，童年在一个11英亩的圣诞树农场度过。于是，乡村音乐影响了她的童年。懂的人都明白，美国的乡村音乐欢快而直爽，悠然中带着强烈的节奏感",
	"link": "https://baike.sogou.com/v1850208.htm?fromTitle=%E9%9C%89%E9%9C%89"
}, {
	"id": 49,
	"pic": "https://zhouxiaotian.github.io/flowapi/images/7.jpg",
	"width": 300,
	"height": 200,
	"title": "泰勒斯威夫特于1989年12月13日出生，童年在一个11英亩的圣诞树农场度过。于是，乡村音乐影响了她的童年。懂的人都明白，美国的乡村音乐欢快而直爽，悠然中带着强烈的节奏感",
	"link": "https://baike.sogou.com/v1850208.htm?fromTitle=%E9%9C%89%E9%9C%89"
}, {
	"id": 50,
	"pic": "https://zhouxiaotian.github.io/flowapi/images/8.jpg",
	"width": 300,
	"height": 400,
	"title": "泰勒斯威夫特于1989年12月13日出生，童年在一个11英亩的圣诞树农场度过。于是，乡村音乐影响了她的童年。懂的人都明白，美国的乡村音乐欢快而直爽，悠然中带着强烈的节奏感",
	"link": "https://baike.sogou.com/v1850208.htm?fromTitle=%E9%9C%89%E9%9C%89"
}]